<?xml version="1.0" encoding="utf-8" ?><dwsync><file name="_variables.scss" server="ftp.ormazzi.com//" local="3414461059" remote="16299364848" /><file name="_nav.scss" server="ftp.ormazzi.com//" local="3414460189" remote="16299364848" /><file name="_type.scss" server="ftp.ormazzi.com//" local="3414459687" remote="16299364848" /><file name="_scaffolding.scss" server="ftp.ormazzi.com//" local="3414331403" remote="16299364848" /><file name="_info-message.scss" server="ftp.ormazzi.com//" local="3414303964" remote="16299364848" /><file name="_buttons.scss" server="ftp.ormazzi.com//" local="3414303905" remote="16299364848" /><file name="_flexslider.scss" server="ftp.ormazzi.com//" local="3414303824" remote="16299364848" /><file name="_recycle.scss" server="ftp.ormazzi.com//" local="3414303706" remote="16299364848" /><file name="_events.scss" server="ftp.ormazzi.com//" local="3414301861" remote="16299364848" /><file name="_forms.scss" server="ftp.ormazzi.com//" local="3414301371" remote="16299364848" /><file name="_fontface.scss" server="ftp.ormazzi.com//" local="3414298286" remote="16299364848" /><file name="_mixins.scss" server="ftp.ormazzi.com//" local="3414295691" remote="16299364848" /></dwsync>