<?xml version="1.0" encoding="utf-8" ?><dwsync><file name="screen.css" server="ftp.ormazzi.com//" local="3414216364" remote="16299122208" /><file name="flexslider.css" server="ftp.ormazzi.com//" local="3414215926" remote="16299122208" /><file name="shop.css" server="ftp.ormazzi.com//" local="3414213157" remote="16299122208" /><file name="front.css" server="ftp.ormazzi.com//" local="3414028437" remote="16299122208" /><file name="slider.css" server="ftp.ormazzi.com//" local="3413131634" remote="16299122208" /><file name="reset.css" server="ftp.ormazzi.com//" local="3413131634" remote="16299122208" /><file name="page-specific.css" server="ftp.ormazzi.com//" local="3413131634" remote="16299122268" /><file name="gallery.css" server="ftp.ormazzi.com//" local="3413131634" remote="16299122268" /><file name="forms.css" server="ftp.ormazzi.com//" local="3413131634" remote="16299122268" /><file name="about.css" server="ftp.ormazzi.com//" local="3414216844" remote="16299122328" /><file name="print.css" server="ftp.ormazzi.com//" local="3413088458" remote="16299122268" /><file name="ie.css" server="ftp.ormazzi.com//" local="3413088458" remote="16299122268" /></dwsync>