<?xml version="1.0" encoding="utf-8" ?><dwsync><file name="front.scss" server="ftp.ormazzi.com//" local="3414461671" remote="16299364788" /><file name="shop.scss" server="ftp.ormazzi.com//" local="3414460511" remote="16299364788" /><file name="gallery.scss" server="ftp.ormazzi.com//" local="3414460261" remote="16299364788" /><file name="about.scss" server="ftp.ormazzi.com//" local="3414459287" remote="16299364788" /><file name="screen.scss" server="ftp.ormazzi.com//" local="3414458344" remote="16299364848" /><file name="jquery-flexslider.scss" server="ftp.ormazzi.com//" local="3414303781" remote="16299364848" /><file name="print.scss" server="ftp.ormazzi.com//" local="3413510807" remote="16299364848" /><file name="ie.scss" server="ftp.ormazzi.com//" local="3413510807" remote="16299364848" /></dwsync>