<?xml version="1.0" encoding="utf-8" ?><dwsync><file name="front.css" server="ftp.ormazzi.com//" local="3414461671" remote="16299364728" /><file name="shop.css" server="ftp.ormazzi.com//" local="3414461060" remote="16299364728" /><file name="screen.css" server="ftp.ormazzi.com//" local="3414461060" remote="16299364728" /><file name="gallery.css" server="ftp.ormazzi.com//" local="3414461059" remote="16299364728" /><file name="about.css" server="ftp.ormazzi.com//" local="3414461059" remote="16299364728" /><file name="print.css" server="ftp.ormazzi.com//" local="3414456838" remote="16299364788" /><file name="jquery-flexslider.css" server="ftp.ormazzi.com//" local="3414456838" remote="16299364788" /><file name="ie.css" server="ftp.ormazzi.com//" local="3414456838" remote="16299364788" /><file name="flexslider.css" server="ftp.ormazzi.com//" local="3414303782" remote="16299364788" /><file name="tables.css" server="ftp.ormazzi.com//" local="3414298567" remote="16299364788" /></dwsync>